first_name,middle_name,last_name,email,phone_number,city,country,province_or_state,house_number,street_name
0,Parth,Arellano,Mika,balam178@service.com,7630985142,Missasauga,USSR,Ontario,41,34 St
1,Neza,Emilio,Choolhon,queen037@service.com,1359278604,Mexico City,Canada,California,10,Verdugo St
2,Sam,Castilla,Pochapsky,combo268@service.com,0198352746,Tizatlan,USSR,New Jersey,68,Calle Escuadron 301
3,Melissa,Evgueni,Horia,king875@service.com,2165087439,Tizatlan,United States,Baja California,47,67 St
4,Susana,Felix,Eufracio,postgres918@service.com,9376051482,Mazatlan,USSR,Nunavut,43,Avenida Tecolote
5,Anne,Roberto,Sekhon,sars913@service.com,6092843715,White Plains,USSR,Oaxaca,7,67 St
6,Paty, ,D'souza,quarantinegal957@service.com,9538421760,Texcoco,Russia,Quebec,53,Calle Escuadron 301
7,Moctezuma,Tonatiuh,Juarez,chachalaca945@service.com,3862904517,Tlaxcala,USSR,Nunavut,16,Connect St
8,Omer,Evgueni,Aparicio,sars140@service.com,0851346972,Texcoco,United States,Nova Scotia,10,Laurier Avenue East
9,Baldomero,Evgueni,Branco,queen218@service.com,1423780956,Mazatlan,Mexico,Baja California,70,Exodus Avenue
10,Colyuz,Villa,Guzman,belmont324@service.com,8405619327,Mazunte,Brazil,Baja California,36,Calzada de los Muertos
11,Camron,Felix,D'souza,belmont684@service.com,1084329765,Toronto,Spain,New Mexico,83,Sauna St
12,Savy,Doroteo,Conejo,quetzal714@service.com,1850763294,Toronto,United States,California,30,Elign St
13,Miguel,Lenin,D'souza,king859@service.com,5173028496,Ottawa,Peru,Baja California,73,Laurier Avenue East
14,Andrew,Samantha,Mika,sars768@service.com,6429530718,Halifax,Japan,Mexico,96,Grand Avenue
15,Cuitlahuac,Madero,Santana,king610@service.com,6279815304,Mazatlan,Canada,Oaxaca,47,Connect St
16,Parth,Chavez,Mika,alucard934@service.com,6594817230,Ottawa,Indonesia,Tlaxcala,72,Sauna St
17,Olivia,Lenin,Guzman,quarantineboi324@service.com,8267391405,Ottawa,Russia,Nova Scotia,89,Sauna St
18,Monica,Samantha,Bundhoo,quarantineboi971@service.com,2516473980,Tlaxcala,Colombia,Baja California,70,Avenida Tecolote
19,Camron,Roberto,Horia,queen576@service.com,1083759246,Ottawa,Spain,Oaxaca,13,Grand Avenue
20,Ariel,Villa,Santana,king792@service.com,1867205439,Herst,Canada,Ontario,49,Exodus Avenue
21,Rebeca,Yuri,Abubaker,elote918@service.com,2657403198,Missasauga,China,Oaxaca,59,Main St
22,Chris,Felix,Hernandez,king325@service.com,0347625198,White Plains,Colombia,Tlaxcala,99,34 St
23,Parth,Roberto,Mika,sars941@service.com,7256948301,Tlaxcala,United States,New Jersey,70,Grand Avenue
24,Andrew,Yuri,Branco,quarantinegal512@service.com,5634197028,Oaxaca,Belorussia,California,1,Main St
25,Baldomero,Samantha,Juarez,tlatoani673@service.com,0153247986,Mazatlan,Peru,Mexico,57,Sauna St
26,Jason,Emilio,Aparicio,alucard976@service.com,7912643850,Tlaxcala,Spain,Chihuahua,84,Avenida Tecolote
27,Neza,Tonatiuh,Sendero,sars984@service.com,2976504831,Halifax,Tenochtitlan,Texas,8,Exodus Avenue
28,Omer,Roberto,Li,tlatoani836@service.com,5672093481,Halifax,Bolivia,New Mexico,3,Grand Avenue
29,Baldomero,Villa,Eufracio,postgres302@service.com,5049316287,Cafe Pisado,Bolivia,Quebec,82,Exodus Avenue
30,Sandy,Evgueni,Mika,quetzal986@service.com,7563182904,New York,China,Tamaulipas,66,Avenida Tecolote
31,Conrado,Lenin,Pochapsky,balam584@service.com,0512497638,New York,Portugal,Chihuahua,22,Connect St
32,Ehecatl,Colibri,Branco,queen980@service.com,6201957834,Hamilton,Tenochtitlan,Chihuahua,71,Grand Avenue
33,Colera,Evgueni,Sekhon,mersh1n1509@service.com,0468973215,Mazatlan,Belorussia,Nova Scotia,42,Main St
34,Baldomero,Tonatiuh,Zarepour,alucard971@service.com,9356708124,Ottawa,Brazil,Nunavut,25,Laurier Avenue East
35,Togno,Roberto,Mika,postgres053@service.com,2590613874,Texcoco,Spain,California,32,Sauna St
36,Chris, ,Pastilla,tlatoani491@service.com,9356248071,Nezahualcoyotl,Colombia,New Jersey,81,Main St
37,Ariel,Yuri,Guzman,quarantineboi604@service.com,4096135728,Halifax,Bolivia,New Jersey,70,Exodus Avenue
38,Sam,Doroteo,Conejo,quarantinegal569@service.com,1486039275,Halifax,USSR,Quebec,51,Grand Avenue
39,Ana,Tonatiuh,Wu,belmont079@service.com,2098467351,Hamilton,United States,Quebec,4,67 St
40,Cuitlahuac,Felix,Wu,combo394@service.com,8345062719,Cafe Pisado,Russia,Texas,93,Verdugo St
41,Sergio,Emiliano,Sekhon,quarantinegal124@service.com,3564820971,Texcoco,Colombia,Alberta,53,34 St
42,Miguel,Colibri,Conejo,quetzal148@service.com,9437250168,Texcoco,United States,New Mexico,87,Verdugo St
43,Susana,Tonatiuh,Hernandez,quarantinegal287@service.com,5247619803,Mazatlan,Portugal,Quebec,5,Elign St
44,Natalia,Yuri,Wu,balam345@service.com,8340216597,Nezahualcoyotl,Russia,Nunavut,10,Laurier Avenue West
45,Cesar,Yuri,Conejo,tlatoani031@service.com,8617592340,White Plains,Tenochtitlan,Chihuahua,30,Main St
46,Ehecatl,Madero,Hernandez,chachalaca096@service.com,8469231507,Hamilton,China,Quebec,40,Calle Escuadron 301
47,Jason,Villa,Sekhon,queen351@service.com,0398574621,Toronto,Peru,Quebec,46,Prolongacion Popocatepetl
48,Jason, ,Eufracio,sars842@service.com,5493862170,New York,Portugal,Tamaulipas,48,Bank St
49,Togno,Santana,Sendero,postgres460@service.com,6051248973,New York,Canada,Sonora,11,Verdugo St
50,Natalia,Arellano,Melano,quarantinegal795@service.com,4715280396,Mazunte,Ukraine,Chihuahua,51,67 St
51,Paty,Castilla,Sendero,user027@service.com,3417806592,Mexico City,Spain,Chihuahua,69,Prolongacion Popocatepetl
52,Natalia,Gutierrez,Bengali,king458@service.com,4201769538,Hamilton,Ukraine,Alberta,72,Avenida Tecolote
53,Colyuz,Madero,D'souza,h5n1175@service.com,2476518309,Tlaxcala,Colombia,Tlaxcala,74,Calle Conejo
54,Colyuz,Felix,Aparicio,quarantineboi360@service.com,1236594078,New York,Tenochtitlan,Nova Scotia,63,67 St
55,Diana,Arellano,Juarez,user548@service.com,8304751962,Missasauga,Colombia,Nova Scotia,87,Grand Avenue
56,Ariel,Gutierrez,Conejo,quarantinegal830@service.com,8471236059,Mazatlan,Tenochtitlan,Ontario,70,34 St
57,Camron,Emilio,Guzman,elote482@service.com,2361894750,Texcoco,Bolivia,Oaxaca,22,Laurier Avenue East
58,Togno,Dominguez,Wu,mersh1n1649@service.com,7452089136,New York,Russia,New Jersey,27,Exodus Avenue
59,Sandy,Arango,Mika,belmont845@service.com,6701348259,Cafe Pisado,USSR,Texas,50,34 St
60,Rebeca, ,Abubaker,elote625@service.com,0461729583,Tizatlan,Mexico,Ontario,13,Laurier Avenue West
61,Omer, ,Pochapsky,postgres890@service.com,9086743125,White Plains,Russia,Tlaxcala,99,Laurier Avenue West
62,Camron,Madero,Eufracio,balam920@service.com,5869042317,Mazunte,Spain,Mexico,70,Exodus Avenue
63,Sandy,Chavez,Melano,combo351@service.com,7862310459,Tizatlan,Russia,Nova Scotia,49,67 St
64,Monica, ,Hernandez,chachalaca316@service.com,7310592468,Nezahualcoyotl,Ukraine,Texas,6,Main St
65,Sergio,Lenin,Zarepour,h5n1623@service.com,4783021956,Toronto,Russia,Tamaulipas,44,Connect St
66,Ehecatl,Chavez,Bundhoo,quarantineboi468@service.com,1256493078,Mexico City,United States,Chihuahua,15,Avenida Tecolote
67,Susana,Lenin,Zarepour,balam028@service.com,8532491760,Oaxaca,Portugal,Nunavut,87,Calle Conejo
68,Anne, ,Abubaker,quetzal240@service.com,3278601549,Missasauga,Colombia,Alberta,72,34 St
69,Andrew,Colibri,Conejo,belmont968@service.com,7698351402,Cafe Pisado,Tenochtitlan,Chihuahua,80,34 St
70,Sardina,Yuri,Branco,quarantinegal563@service.com,3587049612,Texcoco,Indonesia,New Jersey,71,Prolongacion Popocatepetl
71,Rebeca,Madero,Hernandez,quetzal497@service.com,8960437512,Oaxaca,Japan,Tlaxcala,15,67 St
72,Neza,Felix,Horia,quarantinegal460@service.com,7502468913,Mexico City,Indonesia,Alberta,73,Calzada de los Muertos
73,Rebeca,Emilio,Melano,king834@service.com,9043182567,White Plains,Bolivia,Texas,98,67 St
74,Diana,Doroteo,Horia,chachalaca349@service.com,7346015829,Tizatlan,Tenochtitlan,Tlaxcala,88,Prolongacion Popocatepetl
75,Ana,Roberto,Wu,alucard917@service.com,1253480796,Halifax,Canada,Quebec,82,Calzada de los Muertos
76,Savy,Santana,Branco,tlatoani907@service.com,3872940156,Tlaxcala,Peru,Sonora,54,Calle Conejo
77,Ana,Felix,Sendero,user352@service.com,9201654783,Missasauga,Spain,Mexico,46,Prolongacion Popocatepetl
78,Togno,Emilio,Guzman,quarantineboi893@service.com,2603489157,Halifax,Bolivia,New Jersey,41,Prolongacion Popocatepetl
79,Monica,Emilio,Melano,alucard537@service.com,5862147903,Tlaxcala,Russia,Tlaxcala,90,Prolongacion Popocatepetl
80,Olivia,Emilio,Zarepour,queen260@service.com,1730842596,Missasauga,Mexico,Chihuahua,17,67 St
81,Diana,Yuri,Sendero,quarantineboi785@service.com,6938275014,Mexico City,Ukraine,Alberta,30,Elign St
82,Alicia,Yuri,Eufracio,tlatoani042@service.com,1375948062,Ottawa,Canada,Sonora,44,Prolongacion Popocatepetl
83,Rebeca,Evgueni,Hernandez,queen617@service.com,9453068217,Mexico City,Russia,Tamaulipas,26,Verdugo St
84,Savy,Santana,Wedia,belmont405@service.com,1720458963,Ottawa,Peru,Baja California,57,Bank St
85,Monica,Emiliano,Sekhon,belmont421@service.com,6297051384,Tizatlan,Brazil,Nova Scotia,9,Laurier Avenue East
86,Melissa,Gutierrez,Wedia,balam218@service.com,1296350874,Oaxaca,Indonesia,Baja California,95,67 St
87,Ana, ,Horia,postgres058@service.com,3504872961,Ottawa,Indonesia,Oaxaca,97,Exodus Avenue
88,Susana,Colibri,Conejo,balam378@service.com,8591364207,Mazunte,Bolivia,New Mexico,62,Elign St
89,Camron,Roberto,Aparicio,postgres792@service.com,5184237960,Mexico City,Bolivia,California,95,Calle Escuadron 301
90,Omer,Roberto,Horia,combo983@service.com,6238054791,White Plains,Canada,Tlaxcala,99,Sauna St
91,Rebeca,Madero,Abubaker,chachalaca902@service.com,6951478320,Hamilton,Spain,Mexico,12,Avenida Tecolote
92,Sam,Lenin,Bundhoo,mersh1n1583@service.com,8567430219,New York,United States,Nunavut,71,Bank St
93,Cesar,Santana,Conejo,combo702@service.com,6201985374,Tizatlan,USSR,New Jersey,30,Prolongacion Popocatepetl
94,Togno,Colibri,Juarez,tlatoani108@service.com,8917340256,Mexico City,Bolivia,California,81,Connect St
95,Ana,Madero,Abubaker,postgres627@service.com,1356420789,Tlaxcala,Peru,Oaxaca,44,Laurier Avenue East
96,David,Samantha,Mika,queen764@service.com,7106349528,Ottawa,Russia,New Jersey,62,Elign St
97,Olivia,Colibri,Hernandez,alucard852@service.com,9760814253,Mazatlan,Japan,Ciudad de Mexico,5,Laurier Avenue West
98,Togno,Emilio,Juarez,tlatoani659@service.com,7480326591,Texcoco,USSR,New Jersey,67,Laurier Avenue East
99,Cuitlahuac,Villa,Wedia,combo518@service.com,2194638705,New York,Colombia,Texas,83,Sauna St
